repo_id,repository,community,downloads,releases,assets,commits,open_issues,closed_issues,total_issues,open_prs,closed_prs,total_prs,readme_issues,readme_commits
0,public-apis/public-apis,1378.0,0.0,2.0,0.0,4478.0,3.0,360.0,363.0,7.0,2639.0,2646.0,0.0,3467.0
1,donnemartin/system-design-primer,115.0,0.0,2.0,0.0,323.0,147.0,63.0,210.0,143.0,256.0,399.0,8.0,197.0
2,TheAlgorithms/Python,836.0,0.0,2.0,0.0,2392.0,31.0,916.0,947.0,222.0,4730.0,4952.0,1.0,73.0
3,jackfrued/Python-100-Days,15.0,0.0,2.0,0.0,365.0,450.0,93.0,543.0,176.0,103.0,279.0,0.0,106.0
4,tensorflow/models,904.0,0.0,2.0,0.0,7814.0,1135.0,5669.0,6804.0,173.0,3410.0,3583.0,0.0,62.0
5,nvbn/thefuck,190.0,0.0,2.0,0.0,1624.0,194.0,434.0,628.0,55.0,557.0,612.0,10.0,392.0
6,django/django,2658.0,0.0,2.0,0.0,30560.0,0.0,0.0,0.0,155.0,15231.0,15386.0,0.0,14.0
7,pallets/flask,774.0,600.0,16.0,18.0,4564.0,14.0,2257.0,2271.0,1.0,2096.0,2097.0,0.0,24.0
8,huggingface/transformers,1184.0,0.0,2.0,0.0,9159.0,352.0,8465.0,8817.0,117.0,7040.0,7157.0,0.0,451.0
9,keras-team/keras,1055.0,0.0,2.0,0.0,6594.0,241.0,10899.0,11140.0,54.0,4969.0,5023.0,0.0,92.0
10,httpie/httpie,146.0,0.0,2.0,0.0,1670.0,94.0,646.0,740.0,2.0,483.0,485.0,0.0,33.0
11,josephmisiti/awesome-machine-learning,561.0,0.0,2.0,0.0,1695.0,1.0,72.0,73.0,3.0,751.0,754.0,0.0,1001.0
12,521xueweihan/HelloGitHub,8.0,19.0,16.0,1.0,121.0,9.0,2042.0,2051.0,1.0,27.0,28.0,0.0,79.0
13,scikit-learn/scikit-learn,2569.0,647.0,26.0,4.0,28005.0,1665.0,7552.0,9217.0,768.0,12238.0,13006.0,1.0,154.0
14,home-assistant/core,3136.0,0.0,2.0,0.0,47011.0,1320.0,26067.0,27387.0,391.0,39724.0,40115.0,0.0,26.0
15,psf/requests,723.0,180.0,2.0,4.0,6105.0,166.0,3376.0,3542.0,51.0,2188.0,2239.0,1.0,168.0
16,soimort/you-get,240.0,48978.0,30.0,120.0,2421.0,0.0,0.0,0.0,123.0,863.0,986.0,0.0,166.0
17,ageitgey/face_recognition,47.0,455.0,2.0,1.0,219.0,649.0,558.0,1207.0,30.0,160.0,190.0,0.0,65.0
18,scrapy/scrapy,536.0,0.0,2.0,0.0,9113.0,501.0,2093.0,2594.0,274.0,2508.0,2782.0,5.0,42.0
19,python/cpython,1986.0,0.0,2.0,0.0,112571.0,0.0,0.0,0.0,1578.0,30063.0,31641.0,0.0,83.0
20,deepfakes/faceswap,91.0,340466.0,3.0,4.0,1411.0,22.0,710.0,732.0,2.0,467.0,469.0,0.0,56.0
21,3b1b/manim,163.0,38.0,8.0,6.0,4444.0,317.0,625.0,942.0,7.0,678.0,685.0,0.0,109.0
22,tiangolo/fastapi,296.0,0.0,2.0,0.0,1980.0,952.0,1781.0,2733.0,487.0,1077.0,1564.0,0.0,63.0
23,localstack/localstack,458.0,0.0,2.0,0.0,2970.0,348.0,3000.0,3348.0,21.0,2207.0,2228.0,0.0,325.0
24,fighting41love/funNLP,10.0,0.0,2.0,0.0,124.0,16.0,29.0,45.0,5.0,13.0,18.0,0.0,94.0
25,shadowsocks/shadowsocks,1.0,0.0,2.0,0.0,1.0,0.0,0.0,0.0,15.0,140.0,155.0,0.0,1.0
26,0voice/interview_internal_reference,31.0,0.0,2.0,0.0,339.0,26.0,18.0,44.0,3.0,41.0,44.0,0.0,94.0
27,isocpp/CppCoreGuidelines,330.0,0.0,2.0,0.0,2013.0,188.0,779.0,967.0,9.0,894.0,903.0,0.0,25.0
28,swisskyrepo/PayloadsAllTheThings,205.0,0.0,2.0,0.0,1352.0,0.0,0.0,0.0,9.0,389.0,398.0,0.0,56.0
29,apachecn/AiLearning,9.0,0.0,2.0,0.0,207.0,2.0,100.0,102.0,0.0,520.0,520.0,0.0,36.0
30,CorentinJ/Real-Time-Voice-Cloning,18.0,0.0,2.0,0.0,294.0,38.0,817.0,855.0,0.0,109.0,109.0,0.0,89.0
31,willmcgugan/rich,168.0,0.0,2.0,0.0,2872.0,0.0,0.0,0.0,0.0,0.0,0.0,0.0,130.0
32,floodsung/Deep-Learning-Papers-Reading-Roadmap,30.0,0.0,2.0,0.0,114.0,43.0,4.0,47.0,40.0,47.0,87.0,1.0,75.0
33,XX-net/XX-Net,90.0,56039.0,30.0,66.0,2298.0,7773.0,5181.0,12954.0,1.0,452.0,453.0,1.0,300.0
34,testerSunshine/12306,33.0,0.0,2.0,0.0,435.0,209.0,465.0,674.0,61.0,80.0,141.0,3.0,100.0
35,iperov/DeepFaceLab,21.0,77086.0,2.0,2.0,1303.0,400.0,724.0,1124.0,0.0,106.0,106.0,0.0,281.0
36,google-research/bert,32.0,0.0,2.0,0.0,111.0,752.0,343.0,1095.0,89.0,95.0,184.0,0.0,31.0
37,faif/python-patterns,127.0,0.0,2.0,0.0,806.0,11.0,65.0,76.0,0.0,304.0,304.0,2.0,45.0
38,getsentry/sentry,686.0,2100.0,30.0,45.0,41443.0,323.0,4548.0,4871.0,140.0,27108.0,27248.0,0.0,9.0
39,d2l-ai/d2l-zh,235.0,11483.0,14.0,9.0,3922.0,0.0,0.0,0.0,16.0,1072.0,1088.0,0.0,156.0
40,sherlock-project/sherlock,159.0,0.0,2.0,0.0,1633.0,74.0,516.0,590.0,64.0,537.0,601.0,1.0,187.0
41,satwikkansal/wtfpython,71.0,0.0,2.0,0.0,485.0,45.0,112.0,157.0,15.0,103.0,118.0,16.0,310.0
42,chubin/cheat.sh,60.0,0.0,2.0,0.0,892.0,90.0,103.0,193.0,3.0,132.0,135.0,13.0,159.0
43,fxsjy/jieba,51.0,0.0,2.0,0.0,523.0,584.0,209.0,793.0,49.0,108.0,157.0,0.0,114.0
44,openai/gym,365.0,0.0,2.0,0.0,1533.0,99.0,1407.0,1506.0,11.0,1153.0,1164.0,0.0,27.0
45,gto76/python-cheatsheet,12.0,0.0,2.0,0.0,2188.0,5.0,35.0,40.0,28.0,47.0,75.0,0.0,1911.0
46,mitmproxy/mitmproxy,449.0,78338.0,30.0,110.0,9655.0,256.0,2509.0,2765.0,35.0,2218.0,2253.0,0.0,5.0
47,facebookresearch/Detectron,40.0,0.0,2.0,0.0,141.0,300.0,614.0,914.0,22.0,77.0,99.0,0.0,5.0
48,hankcs/HanLP,45.0,127997.0,30.0,29.0,1625.0,2.0,1316.0,1318.0,2.0,115.0,117.0,5.0,156.0
49,geekcomputers/Python,678.0,0.0,2.0,0.0,2624.0,151.0,94.0,245.0,76.0,1115.0,1191.0,0.0,81.0
50,donnemartin/interactive-coding-challenges,45.0,0.0,2.0,0.0,790.0,33.0,29.0,62.0,34.0,199.0,233.0,1.0,189.0
51,trailofbits/algo,173.0,0.0,2.0,0.0,1111.0,100.0,1372.0,1472.0,11.0,611.0,622.0,14.0,227.0
52,apache/airflow,2360.0,253897.0,30.0,174.0,15335.0,757.0,4298.0,5055.0,128.0,15563.0,15691.0,8.0,614.0
53,0xAX/linux-insides,325.0,0.0,2.0,0.0,1830.0,41.0,132.0,173.0,11.0,595.0,606.0,0.0,51.0
54,psf/black,319.0,19370.0,19.0,42.0,1285.0,297.0,1557.0,1854.0,20.0,1017.0,1037.0,10.0,380.0
55,pypa/pipenv,435.0,0.0,2.0,0.0,7305.0,494.0,3083.0,3577.0,32.0,1331.0,1363.0,1.0,40.0
56,yunjey/pytorch-tutorial,29.0,0.0,2.0,0.0,173.0,62.0,112.0,174.0,22.0,41.0,63.0,0.0,36.0
57,encode/django-rest-framework,1271.0,0.0,2.0,0.0,8510.0,113.0,3609.0,3722.0,124.0,4154.0,4278.0,4.0,197.0
58,littlecodersh/ItChat,18.0,428.0,13.0,10.0,188.0,233.0,607.0,840.0,14.0,90.0,104.0,0.0,60.0
59,donnemartin/data-science-ipython-notebooks,13.0,0.0,2.0,0.0,543.0,10.0,21.0,31.0,12.0,41.0,53.0,1.0,187.0
60,explosion/spaCy,682.0,0.0,2.0,0.0,15339.0,79.0,4969.0,5048.0,20.0,2953.0,2973.0,8.0,111.0
61,matterport/Mask_RCNN,48.0,1031184.0,3.0,4.0,203.0,1720.0,802.0,2522.0,109.0,148.0,257.0,1.0,24.0
62,beurtschipper/Depix,10.0,0.0,2.0,0.0,38.0,0.0,0.0,0.0,2.0,22.0,24.0,0.0,19.0
63,eriklindernoren/ML-From-Scratch,10.0,0.0,2.0,0.0,374.0,28.0,36.0,64.0,17.0,14.0,31.0,0.0,153.0
64,tornadoweb/tornado,435.0,0.0,2.0,0.0,4395.0,202.0,1507.0,1709.0,32.0,1360.0,1392.0,0.0,20.0
65,tqdm/tqdm,115.0,1023.0,30.0,60.0,1906.0,274.0,544.0,818.0,69.0,390.0,459.0,18.0,294.0
66,keon/algorithms,189.0,0.0,2.0,0.0,940.0,60.0,94.0,154.0,140.0,560.0,700.0,6.0,221.0
67,getredash/redash,428.0,8522.0,30.0,4.0,7275.0,472.0,1715.0,2187.0,224.0,3295.0,3519.0,0.0,72.0
68,wangzheng0822/algo,147.0,0.0,2.0,0.0,1065.0,97.0,21.0,118.0,46.0,354.0,400.0,0.0,36.0
69,bregman-arie/devops-exercises,84.0,0.0,2.0,0.0,571.0,12.0,36.0,48.0,5.0,152.0,157.0,0.0,472.0
70,nicolargo/glances,168.0,182.0,27.0,11.0,4242.0,218.0,1238.0,1456.0,0.0,510.0,510.0,9.0,191.0
71,sebastianruder/NLP-progress,300.0,0.0,2.0,0.0,776.0,30.0,65.0,95.0,5.0,500.0,505.0,0.0,92.0
72,ultralytics/yolov5,220.0,68120.0,8.0,101.0,1836.0,219.0,4694.0,4913.0,27.0,1405.0,1432.0,2.0,127.0
73,StevenBlack/hosts,135.0,0.0,2.0,0.0,2893.0,37.0,1311.0,1348.0,0.0,523.0,523.0,1.0,837.0
74,facebookresearch/detectron2,210.0,0.0,2.0,0.0,1339.0,147.0,2721.0,2868.0,22.0,422.0,444.0,1.0,13.0
75,drduh/macOS-Security-and-Privacy-Guide,91.0,0.0,2.0,0.0,571.0,16.0,224.0,240.0,2.0,149.0,151.0,22.0,349.0
76,microsoft/cascadia-code,18.0,891765.0,17.0,23.0,195.0,69.0,447.0,516.0,2.0,88.0,90.0,4.0,36.0
77,ray-project/ray,672.0,0.0,2.0,0.0,11586.0,1984.0,7331.0,9315.0,419.0,12971.0,13390.0,0.0,91.0
78,celery/celery,1179.0,0.0,2.0,0.0,11844.0,471.0,4162.0,4633.0,57.0,2442.0,2499.0,2.0,414.0
79,deezer/spleeter,22.0,9339.0,2.0,7.0,477.0,120.0,525.0,645.0,6.0,77.0,83.0,0.0,51.0
80,PaddlePaddle/PaddleOCR,109.0,0.0,2.0,0.0,3954.0,928.0,3078.0,4006.0,80.0,1589.0,1669.0,0.0,266.0
81,jumpserver/jumpserver,138.0,2348.0,30.0,90.0,6935.0,161.0,3909.0,4070.0,10.0,3635.0,3645.0,0.0,112.0
82,open-mmlab/mmdetection,338.0,0.0,2.0,0.0,1962.0,458.0,4825.0,5283.0,57.0,1968.0,2025.0,0.0,152.0
83,pytorch/examples,205.0,0.0,2.0,0.0,587.0,134.0,381.0,515.0,33.0,415.0,448.0,0.0,22.0
84,python-poetry/poetry,347.0,243680.0,30.0,258.0,2059.0,1117.0,2452.0,3569.0,167.0,1323.0,1490.0,16.0,84.0
85,PaddlePaddle/Paddle,734.0,0.0,2.0,0.0,34417.0,2045.0,12235.0,14280.0,807.0,25197.0,26004.0,1.0,95.0
86,luong-komorebi/Awesome-Linux-Software,255.0,0.0,2.0,0.0,1332.0,13.0,100.0,113.0,13.0,412.0,425.0,4.0,926.0
87,streamlit/streamlit,151.0,0.0,2.0,0.0,4619.0,545.0,1735.0,2280.0,7.0,2123.0,2130.0,3.0,77.0
88,PyTorchLightning/pytorch-lightning,665.0,370.0,30.0,60.0,6646.0,404.0,4244.0,4648.0,145.0,5673.0,5818.0,0.0,542.0
89,toml-lang/toml,192.0,0.0,2.0,0.0,803.0,23.0,422.0,445.0,10.0,409.0,419.0,7.0,482.0
90,chubin/wttr.in,160.0,0.0,2.0,0.0,1164.0,177.0,276.0,453.0,4.0,245.0,249.0,18.0,99.0
91,reddit-archive/reddit,234.0,0.0,2.0,0.0,7956.0,0.0,0.0,0.0,0.0,859.0,859.0,0.0,7.0
92,charlax/professional-programming,25.0,0.0,2.0,0.0,303.0,0.0,9.0,9.0,1.0,31.0,32.0,0.0,238.0
93,bokeh/bokeh,619.0,0.0,2.0,0.0,19507.0,667.0,6174.0,6841.0,22.0,5082.0,5104.0,3.0,145.0
94,cookiecutter/cookiecutter,272.0,0.0,2.0,0.0,2759.0,188.0,505.0,693.0,64.0,873.0,937.0,1.0,27.0
95,sanic-org/sanic,344.0,0.0,2.0,0.0,2632.0,41.0,1081.0,1122.0,12.0,1271.0,1283.0,2.0,69.0
96,mingrammer/diagrams,106.0,0.0,2.0,0.0,446.0,180.0,144.0,324.0,63.0,273.0,336.0,4.0,66.0
97,plotly/dash,132.0,0.0,2.0,0.0,5721.0,557.0,634.0,1191.0,37.0,648.0,685.0,0.0,29.0
98,nginx-proxy/nginx-proxy,135.0,0.0,2.0,0.0,852.0,495.0,746.0,1241.0,60.0,434.0,494.0,3.0,219.0
99,google/jax,416.0,0.0,2.0,0.0,10741.0,820.0,2127.0,2947.0,179.0,5743.0,5922.0,2.0,218.0
100,engrmnaveed/DigitalQuranRestAPI,1.0,0.0,2.0,0.0,2.0,0.0,0.0,0.0,0.0,0.0,0.0,0.0,0.0
101,gillenbrown/rsz,3.0,0.0,2.0,0.0,117.0,0.0,1.0,1.0,0.0,2.0,2.0,0.0,6.0
102,Saviio/Clawer,2.0,0.0,2.0,0.0,3.0,0.0,0.0,0.0,0.0,0.0,0.0,0.0,3.0
103,tyiannak/pySLRF,1.0,0.0,2.0,0.0,5.0,0.0,0.0,0.0,0.0,0.0,0.0,0.0,2.0
104,eerimoq/expect,3.0,0.0,2.0,0.0,23.0,0.0,0.0,0.0,0.0,0.0,0.0,0.0,5.0
105,mixedCase/kivymd,2.0,0.0,2.0,0.0,61.0,0.0,0.0,0.0,0.0,1.0,1.0,0.0,4.0
106,deepc94/facerec-lock,1.0,0.0,2.0,0.0,4.0,0.0,0.0,0.0,0.0,0.0,0.0,0.0,2.0
107,lazarogamio/datadoc,3.0,0.0,2.0,0.0,8.0,0.0,0.0,0.0,0.0,2.0,2.0,0.0,4.0
108,stephane-caron/analytical-wrench-cone,2.0,0.0,2.0,0.0,31.0,0.0,2.0,2.0,0.0,0.0,0.0,0.0,25.0
109,mgaggero/Adafruit_Python_HTU21D,1.0,0.0,2.0,0.0,12.0,0.0,2.0,2.0,0.0,0.0,0.0,0.0,7.0
110,schollz/string_matching,2.0,0.0,2.0,0.0,14.0,0.0,0.0,0.0,0.0,0.0,0.0,0.0,7.0
111,badlogicmanpreet/htm-drivefailures,2.0,0.0,2.0,0.0,22.0,0.0,0.0,0.0,0.0,0.0,0.0,0.0,7.0
112,NemProject/nem-slack-telegram,6.0,0.0,2.0,0.0,42.0,3.0,3.0,6.0,0.0,4.0,4.0,0.0,2.0
113,shantnu/PandasLargeFiles,3.0,0.0,2.0,0.0,9.0,0.0,0.0,0.0,0.0,1.0,1.0,0.0,1.0
114,rackerlabs/kthresher,8.0,0.0,2.0,0.0,148.0,2.0,17.0,19.0,0.0,67.0,67.0,1.0,25.0
115,ajschumacher/mergic,1.0,0.0,2.0,0.0,161.0,15.0,32.0,47.0,0.0,0.0,0.0,7.0,28.0
116,ratazzi/tesseract-ocr,2.0,0.0,2.0,0.0,5.0,1.0,0.0,1.0,0.0,0.0,0.0,0.0,3.0
117,Hugoch/flights-analysis,1.0,0.0,2.0,0.0,5.0,0.0,1.0,1.0,0.0,0.0,0.0,0.0,3.0
118,King-Kuhn/docker_registry_clean,1.0,0.0,2.0,0.0,11.0,0.0,0.0,0.0,0.0,0.0,0.0,0.0,6.0
119,sat2707/web,3.0,0.0,2.0,0.0,10.0,0.0,0.0,0.0,0.0,0.0,0.0,0.0,0.0
120,saltstack/pytest-logging,1.0,0.0,2.0,0.0,13.0,0.0,6.0,6.0,0.0,2.0,2.0,0.0,3.0
121,matloff/omsi,15.0,0.0,2.0,0.0,382.0,4.0,2.0,6.0,6.0,4.0,10.0,0.0,99.0
122,shancang/spider,1.0,0.0,2.0,0.0,21.0,0.0,4.0,4.0,0.0,0.0,0.0,0.0,4.0
123,mjg59/python-tikteck,3.0,0.0,2.0,0.0,10.0,2.0,4.0,6.0,1.0,1.0,2.0,0.0,2.0
124,joycex99/hp-word-model,1.0,0.0,2.0,0.0,4.0,0.0,0.0,0.0,0.0,0.0,0.0,0.0,1.0
125,damsonn/django-docker-compose,2.0,0.0,2.0,0.0,6.0,0.0,0.0,0.0,0.0,0.0,0.0,0.0,4.0
126,jyunfan/poloniex-data,1.0,0.0,2.0,0.0,2.0,1.0,0.0,1.0,1.0,0.0,1.0,0.0,1.0
127,ha2emnomer/Deep-Trading,1.0,0.0,2.0,0.0,5.0,1.0,0.0,1.0,0.0,0.0,0.0,0.0,3.0
128,mhagiwara/zmifanva,1.0,0.0,2.0,0.0,24.0,2.0,4.0,6.0,0.0,0.0,0.0,0.0,3.0
129,kattrali/weemoji,4.0,0.0,2.0,0.0,6.0,4.0,1.0,5.0,1.0,3.0,4.0,0.0,2.0
130,arahuja/generative-tf,1.0,0.0,2.0,0.0,13.0,1.0,0.0,1.0,0.0,0.0,0.0,0.0,3.0
131,HackBulgaria/Programming101-Python,5.0,0.0,2.0,0.0,175.0,0.0,0.0,0.0,0.0,0.0,0.0,0.0,11.0
132,eregs/regulations-parser,30.0,0.0,2.0,0.0,2439.0,53.0,50.0,103.0,18.0,289.0,307.0,1.0,55.0
133,anna-hope/phonemes,6.0,0.0,2.0,0.0,30.0,5.0,3.0,8.0,2.0,5.0,7.0,0.0,6.0
134,phate89/Mediaset-Play-plugin.video.videomediaset,9.0,102923.0,16.0,24.0,71.0,6.0,40.0,46.0,1.0,14.0,15.0,0.0,6.0
135,uArm-Developer/pyuarm,6.0,0.0,2.0,0.0,165.0,5.0,8.0,13.0,0.0,1.0,1.0,0.0,13.0
136,owocki/emojibot,2.0,0.0,2.0,0.0,30.0,10.0,4.0,14.0,0.0,0.0,0.0,0.0,9.0
137,DanMcInerney/autoresp,2.0,0.0,2.0,0.0,12.0,0.0,0.0,0.0,0.0,0.0,0.0,0.0,4.0
138,youthpasses/apriori,3.0,0.0,2.0,0.0,5.0,1.0,0.0,1.0,0.0,0.0,0.0,0.0,1.0
139,TakahiroHaruyama/openioc_scan,2.0,0.0,2.0,0.0,31.0,3.0,0.0,3.0,0.0,2.0,2.0,0.0,5.0
140,zbears/pyvona,13.0,0.0,2.0,0.0,54.0,0.0,26.0,26.0,2.0,11.0,13.0,0.0,3.0
141,apple2373/chainer-simple-fast-rnn,2.0,0.0,2.0,0.0,8.0,2.0,4.0,6.0,0.0,0.0,0.0,0.0,8.0
142,xinqiu/kechenggezi-Spider,2.0,0.0,2.0,0.0,11.0,0.0,2.0,2.0,0.0,1.0,1.0,0.0,5.0
143,dufferzafar/pocketmon,2.0,0.0,2.0,0.0,11.0,1.0,1.0,2.0,0.0,2.0,2.0,1.0,4.0
144,lan2720/fuck-captcha,1.0,0.0,2.0,0.0,15.0,0.0,0.0,0.0,0.0,0.0,0.0,0.0,0.0
145,divio/aldryn-search,33.0,0.0,2.0,0.0,255.0,22.0,33.0,55.0,2.0,55.0,57.0,0.0,15.0
146,inveniosoftware/flask-celeryext,13.0,0.0,2.0,0.0,40.0,4.0,17.0,21.0,0.0,27.0,27.0,1.0,6.0
147,typesupply/feaPyFoFum,6.0,0.0,2.0,0.0,30.0,4.0,4.0,8.0,0.0,4.0,4.0,2.0,8.0
148,KeizerDev/steeb,3.0,0.0,2.0,0.0,41.0,9.0,0.0,9.0,0.0,3.0,3.0,0.0,19.0
149,metaflow-ai/neural_style,3.0,0.0,2.0,0.0,150.0,2.0,0.0,2.0,0.0,0.0,0.0,0.0,10.0
150,ssaamm/sign-language-tutor,2.0,0.0,2.0,0.0,59.0,1.0,4.0,5.0,1.0,1.0,2.0,0.0,6.0
151,mbeissinger/intro_deep,4.0,0.0,2.0,0.0,11.0,1.0,0.0,1.0,1.0,0.0,1.0,0.0,4.0
152,lonetwin/expyre,2.0,0.0,2.0,0.0,20.0,0.0,0.0,0.0,0.0,2.0,2.0,0.0,5.0
153,AmirAzodi/cloudflare_ddns,2.0,0.0,2.0,0.0,13.0,5.0,3.0,8.0,1.0,0.0,1.0,0.0,5.0
154,pevma/rule2alert,1.0,0.0,2.0,0.0,18.0,3.0,1.0,4.0,0.0,0.0,0.0,0.0,5.0
155,char0n/django-profiler,4.0,0.0,2.0,0.0,53.0,5.0,4.0,9.0,1.0,3.0,4.0,0.0,12.0
156,ryhanson/keyslack,3.0,0.0,2.0,0.0,10.0,0.0,0.0,0.0,0.0,1.0,1.0,0.0,4.0
157,0xadada/dockdj,4.0,0.0,2.0,0.0,39.0,0.0,0.0,0.0,0.0,1.0,1.0,0.0,13.0
158,mattmakai/callbot,2.0,0.0,2.0,0.0,10.0,0.0,0.0,0.0,0.0,0.0,0.0,0.0,6.0
159,iandees/speedtrack,1.0,0.0,2.0,0.0,5.0,0.0,0.0,0.0,0.0,0.0,0.0,0.0,3.0
160,vektorlab/slacksocket,10.0,0.0,2.0,0.0,177.0,0.0,0.0,0.0,0.0,0.0,0.0,0.0,19.0
161,dabeaz/me-al,1.0,0.0,2.0,0.0,10.0,0.0,0.0,0.0,2.0,0.0,2.0,0.0,7.0
162,szad670401/OCR_CharGen,1.0,0.0,2.0,0.0,7.0,0.0,0.0,0.0,0.0,0.0,0.0,0.0,6.0
163,peterpakos/checkipaconsistency,5.0,0.0,2.0,0.0,39.0,7.0,46.0,53.0,3.0,21.0,24.0,10.0,19.0
164,mattermost/mattermost-integration-gitlab,8.0,0.0,2.0,0.0,65.0,3.0,3.0,6.0,0.0,12.0,12.0,0.0,42.0
165,sklam/py2nb,2.0,0.0,2.0,0.0,12.0,5.0,1.0,6.0,1.0,2.0,3.0,0.0,4.0
166,zxsecurity/gpsnitch,2.0,0.0,2.0,0.0,5.0,0.0,0.0,0.0,0.0,0.0,0.0,0.0,4.0
167,Tachone/zhihu_spider,1.0,0.0,2.0,0.0,14.0,0.0,2.0,2.0,0.0,1.0,1.0,0.0,6.0
168,pathak22/seg-by-interaction,1.0,0.0,2.0,0.0,2.0,1.0,0.0,1.0,0.0,0.0,0.0,0.0,2.0
169,yhlleo/cifar10Dataset,2.0,0.0,2.0,0.0,13.0,2.0,4.0,6.0,0.0,0.0,0.0,0.0,3.0
170,ryanmcdermott/birdseed,4.0,0.0,2.0,0.0,22.0,0.0,0.0,0.0,0.0,5.0,5.0,0.0,4.0
171,timsutton/aamporter,7.0,0.0,2.0,0.0,88.0,5.0,15.0,20.0,0.0,10.0,10.0,0.0,22.0
172,smxlabs/gibbersense,1.0,0.0,2.0,0.0,4.0,0.0,0.0,0.0,0.0,0.0,0.0,0.0,3.0
173,peeringdb/peeringdb-py,10.0,0.0,2.0,0.0,148.0,0.0,0.0,0.0,0.0,0.0,0.0,0.0,8.0
174,c01db33f/concolica,2.0,0.0,2.0,0.0,22.0,0.0,0.0,0.0,0.0,0.0,0.0,0.0,4.0
175,jamespacileo/django-smartagent,2.0,0.0,2.0,0.0,69.0,5.0,2.0,7.0,2.0,2.0,4.0,0.0,1.0
176,codeinn/vcs,12.0,0.0,2.0,0.0,694.0,21.0,90.0,111.0,2.0,18.0,20.0,1.0,9.0
177,az0ne/python_backdoor,1.0,0.0,2.0,0.0,8.0,1.0,0.0,1.0,0.0,0.0,0.0,0.0,5.0
178,summarization/semantic_summ,2.0,0.0,2.0,0.0,6.0,2.0,1.0,3.0,0.0,0.0,0.0,0.0,5.0
179,ksoona/attackvector,0.0,0.0,2.0,0.0,0.0,0.0,0.0,0.0,0.0,0.0,0.0,0.0,0.0
180,robbwagoner/aws-lambda-sns-to-slack,5.0,0.0,2.0,0.0,14.0,1.0,1.0,2.0,1.0,6.0,7.0,0.0,4.0
181,galal-hussein/Rancher-Ansible,2.0,0.0,2.0,0.0,13.0,4.0,3.0,7.0,0.0,0.0,0.0,0.0,5.0
182,jpush/jbox,10.0,0.0,2.0,0.0,435.0,0.0,2.0,2.0,0.0,1.0,1.0,0.0,20.0
183,mattdreimer/AutonomousGrainCart,3.0,0.0,2.0,0.0,42.0,0.0,4.0,4.0,0.0,6.0,6.0,0.0,8.0
184,dashayushman/TAC-GAN,2.0,0.0,2.0,0.0,69.0,11.0,3.0,14.0,0.0,2.0,2.0,0.0,11.0
185,charleshberlin/O-RLY-Book-Generator,2.0,0.0,2.0,0.0,2.0,3.0,1.0,4.0,0.0,0.0,0.0,0.0,1.0
186,al3x/downforeveryoneorjustme,2.0,0.0,2.0,0.0,62.0,2.0,1.0,3.0,0.0,0.0,0.0,0.0,0.0
187,jeroennijhof/LoRaWAN,1.0,0.0,2.0,0.0,16.0,4.0,4.0,8.0,1.0,0.0,1.0,0.0,10.0
188,uber/charlatan,27.0,0.0,2.0,0.0,261.0,8.0,3.0,11.0,0.0,52.0,52.0,0.0,16.0
189,Sentimentron/Dracula,1.0,0.0,2.0,0.0,129.0,1.0,0.0,1.0,0.0,0.0,0.0,0.0,7.0
190,mitsuse/autocomplete-swift,2.0,0.0,2.0,0.0,190.0,0.0,9.0,9.0,0.0,4.0,4.0,0.0,60.0
191,erik/alexandra,5.0,0.0,2.0,0.0,123.0,0.0,3.0,3.0,2.0,14.0,16.0,0.0,5.0
192,jinhang/12306_captcha,1.0,0.0,2.0,0.0,2.0,1.0,2.0,3.0,0.0,0.0,0.0,0.0,2.0
193,ZFTurbo/KAGGLE_DISTRACTED_DRIVER,2.0,0.0,2.0,0.0,19.0,5.0,0.0,5.0,0.0,1.0,1.0,0.0,8.0
194,nicolehe/grow_slow,2.0,0.0,2.0,0.0,27.0,2.0,0.0,2.0,0.0,1.0,1.0,0.0,22.0
195,riptano/cassandra-dtest-deprecated,93.0,0.0,2.0,0.0,5004.0,28.0,85.0,113.0,8.0,1375.0,1383.0,0.0,10.0
196,amplab/benchmark,3.0,0.0,2.0,0.0,39.0,4.0,4.0,8.0,4.0,5.0,9.0,0.0,0.0
197,chaordic/tiopatinhas,10.0,0.0,2.0,0.0,103.0,0.0,2.0,2.0,1.0,11.0,12.0,0.0,24.0
198,unifi-hackers/unifi-lab,6.0,0.0,2.0,0.0,60.0,8.0,4.0,12.0,0.0,8.0,8.0,0.0,6.0
199,,0.0,0.0,,,0.0,0.0,0.0,0.0,0.0,0.0,0.0,0.0,0.0
