fullname,C0,C1,C2,C3,C4,C5,C6,C7,C8,number_of_stars,num_of_watchers,num_of_forks,repo_id,repository,community,downloads,releases,assets,commits,open_issues,closed_issues,total_issues,open_prs,closed_prs,total_prs,readme_issues,readme_commits,Rank,Rank_real,star_rank,fork_rank,watchers_rank,pullrequest_rank,label
public-apis/public-apis,1,1,0,1,0,1,1,0,0,169389,169389,19529,0,public-apis/public-apis,1378.0,0.0,2.0,0.0,4478.0,3.0,360.0,363.0,7.0,2639.0,2646.0,0.0,3467.0,725.0,185.0,188.0,181.0,188.0,168.0,1
donnemartin/system-design-primer,1,1,0,1,1,1,1,1,0,152515,152515,28185,1,donnemartin/system-design-primer,115.0,0.0,2.0,0.0,323.0,147.0,63.0,210.0,143.0,256.0,399.0,8.0,197.0,681.0,178.0,187.0,185.0,187.0,122.0,1
TheAlgorithms/Python,0,1,0,1,0,0,1,0,0,125028,125028,33349,2,TheAlgorithms/Python,836.0,0.0,2.0,0.0,2392.0,31.0,916.0,947.0,222.0,4730.0,4952.0,1.0,73.0,733.0,188.0,186.0,186.0,186.0,175.0,1
jackfrued/Python-100-Days,1,0,0,0,1,0,0,0,0,112745,112745,43903,3,jackfrued/Python-100-Days,15.0,0.0,2.0,0.0,365.0,450.0,93.0,543.0,176.0,103.0,279.0,0.0,106.0,674.0,174.0,185.0,187.0,185.0,117.0,1
tensorflow/models,1,1,0,1,0,1,1,1,0,72140,72140,45201,4,tensorflow/models,904.0,0.0,2.0,0.0,7814.0,1135.0,5669.0,6804.0,173.0,3410.0,3583.0,0.0,62.0,728.0,186.0,184.0,188.0,184.0,172.0,1
nvbn/thefuck,1,1,0,1,0,1,1,0,0,64961,64961,3005,5,nvbn/thefuck,190.0,0.0,2.0,0.0,1624.0,194.0,434.0,628.0,55.0,557.0,612.0,10.0,392.0,625.0,168.0,183.0,120.0,183.0,139.0,1
django/django,0,1,0,0,0,0,1,0,0,61021,61021,26066,6,django/django,2658.0,0.0,2.0,0.0,30560.0,0.0,0.0,0.0,155.0,15231.0,15386.0,0.0,14.0,731.0,187.0,182.0,184.0,182.0,183.0,1
pallets/flask,0,1,0,1,0,1,1,1,0,57290,57290,14729,7,pallets/flask,774.0,600.0,16.0,18.0,4564.0,14.0,2257.0,2271.0,1.0,2096.0,2097.0,0.0,24.0,702.0,179.0,181.0,178.0,181.0,162.0,1
huggingface/transformers,0,1,0,1,0,1,1,0,0,55053,55053,13012,8,huggingface/transformers,1184.0,0.0,2.0,0.0,9159.0,352.0,8465.0,8817.0,117.0,7040.0,7157.0,0.0,451.0,717.0,184.0,180.0,177.0,180.0,180.0,1
keras-team/keras,0,1,0,1,1,0,1,1,0,53351,53351,18915,9,keras-team/keras,1055.0,0.0,2.0,0.0,6594.0,241.0,10899.0,11140.0,54.0,4969.0,5023.0,0.0,92.0,714.0,181.0,179.0,180.0,179.0,176.0,1
httpie/httpie,0,1,0,1,0,1,1,1,0,52929,52929,3422,10,httpie/httpie,146.0,0.0,2.0,0.0,1670.0,94.0,646.0,740.0,2.0,483.0,485.0,0.0,33.0,613.0,166.0,178.0,126.0,178.0,131.0,1
josephmisiti/awesome-machine-learning,1,1,0,1,0,1,1,0,1,52020,52020,12885,11,josephmisiti/awesome-machine-learning,561.0,0.0,2.0,0.0,1695.0,1.0,72.0,73.0,3.0,751.0,754.0,0.0,1001.0,674.0,174.0,177.0,176.0,177.0,144.0,1
521xueweihan/HelloGitHub,1,0,0,0,1,0,0,0,0,49222,49222,7115,12,521xueweihan/HelloGitHub,8.0,19.0,16.0,1.0,121.0,9.0,2042.0,2051.0,1.0,27.0,28.0,0.0,79.0,598.0,156.0,176.0,158.0,176.0,88.0,1
scikit-learn/scikit-learn,0,1,0,1,0,1,1,0,0,48153,48153,22354,13,scikit-learn/scikit-learn,2569.0,647.0,26.0,4.0,28005.0,1665.0,7552.0,9217.0,768.0,12238.0,13006.0,1.0,154.0,714.0,181.0,175.0,183.0,175.0,181.0,1
home-assistant/core,0,1,0,0,0,0,0,0,0,47963,47963,16022,14,home-assistant/core,3136.0,0.0,2.0,0.0,47011.0,1320.0,26067.0,27387.0,391.0,39724.0,40115.0,0.0,26.0,715.0,183.0,174.0,179.0,174.0,188.0,1
psf/requests,0,1,0,1,0,0,1,0,0,46506,46506,8562,15,psf/requests,723.0,180.0,2.0,4.0,6105.0,166.0,3376.0,3542.0,51.0,2188.0,2239.0,1.0,168.0,674.0,174.0,173.0,163.0,173.0,165.0,1
soimort/you-get,0,1,0,1,0,1,1,1,0,42502,42502,8651,16,soimort/you-get,240.0,48978.0,30.0,120.0,2421.0,0.0,0.0,0.0,123.0,863.0,986.0,0.0,166.0,656.0,173.0,172.0,164.0,172.0,148.0,1
ageitgey/face_recognition,1,1,0,1,0,1,1,0,0,42375,42375,11797,17,ageitgey/face_recognition,47.0,455.0,2.0,1.0,219.0,649.0,558.0,1207.0,30.0,160.0,190.0,0.0,65.0,630.0,171.0,171.0,175.0,171.0,113.0,1
scrapy/scrapy,0,1,0,1,0,1,1,1,0,42266,42266,9425,18,scrapy/scrapy,536.0,0.0,2.0,0.0,9113.0,501.0,2093.0,2594.0,274.0,2508.0,2782.0,5.0,42.0,676.0,177.0,170.0,167.0,170.0,169.0,1
python/cpython,0,0,0,1,1,1,1,1,0,41581,41581,21056,19,python/cpython,1986.0,0.0,2.0,0.0,112571.0,0.0,0.0,0.0,1578.0,30063.0,31641.0,0.0,83.0,707.0,180.0,169.0,182.0,169.0,187.0,1
deepfakes/faceswap,0,1,0,1,1,1,1,1,1,39731,39731,11369,20,deepfakes/faceswap,91.0,340466.0,3.0,4.0,1411.0,22.0,710.0,732.0,2.0,467.0,469.0,0.0,56.0,640.0,172.0,168.0,174.0,168.0,130.0,1
3b1b/manim,0,0,0,1,0,1,1,1,0,39457,39457,4482,21,3b1b/manim,163.0,38.0,8.0,6.0,4444.0,317.0,625.0,942.0,7.0,678.0,685.0,0.0,109.0,614.0,167.0,167.0,139.0,167.0,141.0,1
tiangolo/fastapi,1,1,0,1,0,1,1,0,0,39025,39025,2890,22,tiangolo/fastapi,296.0,0.0,2.0,0.0,1980.0,952.0,1781.0,2733.0,487.0,1077.0,1564.0,0.0,63.0,610.0,163.0,166.0,119.0,166.0,159.0,1
localstack/localstack,1,1,0,1,1,1,1,1,0,37506,37506,2829,23,localstack/localstack,458.0,0.0,2.0,0.0,2970.0,348.0,3000.0,3348.0,21.0,2207.0,2228.0,0.0,325.0,611.0,164.0,165.0,117.0,165.0,164.0,1
fighting41love/funNLP,1,0,0,0,0,0,0,0,0,35228,35228,10199,24,fighting41love/funNLP,10.0,0.0,2.0,0.0,124.0,16.0,29.0,45.0,5.0,13.0,18.0,0.0,94.0,581.0,152.0,164.0,170.0,164.0,83.0,1
0voice/interview_internal_reference,1,0,0,0,1,0,0,0,0,32907,32907,8917,26,0voice/interview_internal_reference,31.0,0.0,2.0,0.0,339.0,26.0,18.0,44.0,3.0,41.0,44.0,0.0,94.0,583.0,153.0,163.0,166.0,163.0,91.0,1
isocpp/CppCoreGuidelines,0,1,0,1,0,1,1,1,0,32481,32481,4391,27,isocpp/CppCoreGuidelines,330.0,0.0,2.0,0.0,2013.0,188.0,779.0,967.0,9.0,894.0,903.0,0.0,25.0,607.0,161.0,162.0,137.0,162.0,146.0,1
swisskyrepo/PayloadsAllTheThings,0,0,0,0,0,0,1,0,0,32463,32463,8913,28,swisskyrepo/PayloadsAllTheThings,205.0,0.0,2.0,0.0,1352.0,0.0,0.0,0.0,9.0,389.0,398.0,0.0,56.0,608.0,162.0,161.0,165.0,161.0,121.0,1
apachecn/AiLearning,1,0,0,1,0,0,1,0,0,32180,32180,10612,29,apachecn/AiLearning,9.0,0.0,2.0,0.0,207.0,2.0,100.0,102.0,0.0,520.0,520.0,0.0,36.0,628.0,170.0,160.0,173.0,160.0,135.0,1
CorentinJ/Real-Time-Voice-Cloning,0,1,0,1,0,0,1,0,0,31514,31514,5774,30,CorentinJ/Real-Time-Voice-Cloning,18.0,0.0,2.0,0.0,294.0,38.0,817.0,855.0,0.0,109.0,109.0,0.0,89.0,567.0,148.0,159.0,145.0,159.0,104.0,1
willmcgugan/rich,0,1,0,1,0,0,1,0,0,31336,31336,1016,31,willmcgugan/rich,168.0,0.0,2.0,0.0,2872.0,0.0,0.0,0.0,0.0,0.0,0.0,0.0,130.0,411.0,92.0,158.0,94.0,158.0,1.0,0
floodsung/Deep-Learning-Papers-Reading-Roadmap,1,1,0,1,1,1,1,0,0,30949,30949,6665,32,floodsung/Deep-Learning-Papers-Reading-Roadmap,30.0,0.0,2.0,0.0,114.0,43.0,4.0,47.0,40.0,47.0,87.0,1.0,75.0,565.0,146.0,157.0,152.0,157.0,99.0,1
XX-net/XX-Net,1,0,0,0,0,0,0,0,0,30940,30940,7812,33,XX-net/XX-Net,90.0,56039.0,30.0,66.0,2298.0,7773.0,5181.0,12954.0,1.0,452.0,453.0,1.0,300.0,600.0,157.0,156.0,160.0,156.0,128.0,1
testerSunshine/12306,1,0,0,0,1,0,0,0,0,30328,30328,9427,34,testerSunshine/12306,33.0,0.0,2.0,0.0,435.0,209.0,465.0,674.0,61.0,80.0,141.0,3.0,100.0,586.0,155.0,155.0,168.0,155.0,108.0,1
iperov/DeepFaceLab,1,1,0,1,0,1,1,0,0,30110,30110,6771,35,iperov/DeepFaceLab,21.0,77086.0,2.0,2.0,1303.0,400.0,724.0,1124.0,0.0,106.0,106.0,0.0,281.0,566.0,147.0,154.0,155.0,154.0,103.0,1
google-research/bert,1,1,0,1,1,1,1,0,0,29853,29853,8395,36,google-research/bert,32.0,0.0,2.0,0.0,111.0,752.0,343.0,1095.0,89.0,95.0,184.0,0.0,31.0,580.0,151.0,153.0,162.0,153.0,112.0,1
faif/python-patterns,1,1,0,1,0,0,1,1,0,29775,29775,6078,37,faif/python-patterns,127.0,0.0,2.0,0.0,806.0,11.0,65.0,76.0,0.0,304.0,304.0,2.0,45.0,569.0,149.0,152.0,147.0,152.0,118.0,1
getsentry/sentry,1,1,0,0,0,0,1,0,0,29579,29579,3289,38,getsentry/sentry,686.0,2100.0,30.0,45.0,41443.0,323.0,4548.0,4871.0,140.0,27108.0,27248.0,0.0,9.0,612.0,165.0,151.0,124.0,151.0,186.0,1
d2l-ai/d2l-zh,1,0,0,0,0,0,0,0,0,28447,28447,6702,39,d2l-ai/d2l-zh,235.0,11483.0,14.0,9.0,3922.0,0.0,0.0,0.0,16.0,1072.0,1088.0,0.0,156.0,603.0,159.0,150.0,153.0,150.0,150.0,1
sherlock-project/sherlock,0,1,0,1,0,1,1,1,0,28386,28386,3062,40,sherlock-project/sherlock,159.0,0.0,2.0,0.0,1633.0,74.0,516.0,590.0,64.0,537.0,601.0,1.0,187.0,556.0,144.0,149.0,121.0,149.0,137.0,1
satwikkansal/wtfpython,1,1,0,1,1,1,1,1,0,27724,27724,2330,41,satwikkansal/wtfpython,71.0,0.0,2.0,0.0,485.0,45.0,112.0,157.0,15.0,103.0,118.0,16.0,310.0,515.0,122.0,148.0,113.0,148.0,106.0,1
chubin/cheat.sh,1,1,0,1,0,0,1,1,0,27713,27713,1385,42,chubin/cheat.sh,60.0,0.0,2.0,0.0,892.0,90.0,103.0,193.0,3.0,132.0,135.0,13.0,159.0,499.0,116.0,147.0,98.0,147.0,107.0,1
fxsjy/jieba,1,1,0,1,1,1,1,0,0,27457,27457,6425,43,fxsjy/jieba,51.0,0.0,2.0,0.0,523.0,584.0,209.0,793.0,49.0,108.0,157.0,0.0,114.0,551.0,143.0,146.0,149.0,146.0,110.0,1
openai/gym,0,1,0,1,1,0,1,0,0,25845,25845,7411,44,openai/gym,365.0,0.0,2.0,0.0,1533.0,99.0,1407.0,1506.0,11.0,1153.0,1164.0,0.0,27.0,600.0,157.0,145.0,159.0,145.0,151.0,1
gto76/python-cheatsheet,1,1,0,1,0,0,1,0,0,25771,25771,4785,45,gto76/python-cheatsheet,12.0,0.0,2.0,0.0,2188.0,5.0,35.0,40.0,28.0,47.0,75.0,0.0,1911.0,525.0,130.0,144.0,140.0,144.0,97.0,1
mitmproxy/mitmproxy,0,1,0,1,0,0,1,1,0,25383,25383,3146,46,mitmproxy/mitmproxy,449.0,78338.0,30.0,110.0,9655.0,256.0,2509.0,2765.0,35.0,2218.0,2253.0,0.0,5.0,575.0,150.0,143.0,123.0,143.0,166.0,1
facebookresearch/Detectron,0,1,0,1,0,1,1,1,0,24849,24849,5390,47,facebookresearch/Detectron,40.0,0.0,2.0,0.0,141.0,300.0,614.0,914.0,22.0,77.0,99.0,0.0,5.0,528.0,134.0,142.0,143.0,142.0,101.0,1
hankcs/HanLP,1,0,0,1,1,1,1,0,0,24520,24520,6496,48,hankcs/HanLP,45.0,127997.0,30.0,29.0,1625.0,2.0,1316.0,1318.0,2.0,115.0,117.0,5.0,156.0,538.0,138.0,141.0,151.0,141.0,105.0,1
geekcomputers/Python,0,0,0,1,0,0,1,0,0,24273,24273,10527,49,geekcomputers/Python,678.0,0.0,2.0,0.0,2624.0,151.0,94.0,245.0,76.0,1115.0,1191.0,0.0,81.0,604.0,160.0,140.0,172.0,140.0,152.0,1
donnemartin/interactive-coding-challenges,1,1,0,1,0,1,1,1,0,24219,24219,3936,50,donnemartin/interactive-coding-challenges,45.0,0.0,2.0,0.0,790.0,33.0,29.0,62.0,34.0,199.0,233.0,1.0,189.0,523.0,125.0,139.0,131.0,139.0,114.0,1
trailofbits/algo,0,1,0,1,0,1,1,0,0,24202,24202,1981,51,trailofbits/algo,173.0,0.0,2.0,0.0,1111.0,100.0,1372.0,1472.0,11.0,611.0,622.0,14.0,227.0,527.0,132.0,138.0,111.0,138.0,140.0,1
apache/airflow,1,1,0,1,1,0,1,1,0,23959,23959,9682,52,apache/airflow,2360.0,253897.0,30.0,174.0,15335.0,757.0,4298.0,5055.0,128.0,15563.0,15691.0,8.0,614.0,627.0,169.0,137.0,169.0,137.0,184.0,1
0xAX/linux-insides,1,1,0,1,0,1,1,1,0,23927,23927,2778,53,0xAX/linux-insides,325.0,0.0,2.0,0.0,1830.0,41.0,132.0,173.0,11.0,595.0,606.0,0.0,51.0,526.0,131.0,136.0,116.0,136.0,138.0,1
psf/black,0,1,0,1,1,1,1,1,0,23815,23815,1534,54,psf/black,319.0,19370.0,19.0,42.0,1285.0,297.0,1557.0,1854.0,20.0,1017.0,1037.0,10.0,380.0,523.0,125.0,135.0,104.0,135.0,149.0,1
pypa/pipenv,1,1,0,1,0,0,1,0,0,22497,22497,1689,55,pypa/pipenv,435.0,0.0,2.0,0.0,7305.0,494.0,3083.0,3577.0,32.0,1331.0,1363.0,1.0,40.0,529.0,136.0,134.0,107.0,134.0,154.0,1
yunjey/pytorch-tutorial,1,1,0,1,0,0,1,0,0,22329,22329,6891,56,yunjey/pytorch-tutorial,29.0,0.0,2.0,0.0,173.0,62.0,112.0,174.0,22.0,41.0,63.0,0.0,36.0,518.0,124.0,133.0,157.0,133.0,95.0,1
encode/django-rest-framework,1,1,0,1,0,0,1,0,0,22311,22311,5963,57,encode/django-rest-framework,1271.0,0.0,2.0,0.0,8510.0,113.0,3609.0,3722.0,124.0,4154.0,4278.0,4.0,197.0,584.0,154.0,132.0,146.0,132.0,174.0,1
littlecodersh/ItChat,1,1,0,1,0,0,0,0,0,21903,21903,5181,58,littlecodersh/ItChat,18.0,428.0,13.0,10.0,188.0,233.0,607.0,840.0,14.0,90.0,104.0,0.0,60.0,506.0,119.0,131.0,142.0,131.0,102.0,1
donnemartin/data-science-ipython-notebooks,1,1,0,1,0,1,1,1,0,21900,21900,6833,59,donnemartin/data-science-ipython-notebooks,13.0,0.0,2.0,0.0,543.0,10.0,21.0,31.0,12.0,41.0,53.0,1.0,187.0,509.0,121.0,130.0,156.0,130.0,93.0,1
explosion/spaCy,0,1,0,1,0,0,1,0,0,21873,21873,3644,60,explosion/spaCy,682.0,0.0,2.0,0.0,15339.0,79.0,4969.0,5048.0,20.0,2953.0,2973.0,8.0,111.0,557.0,145.0,129.0,129.0,129.0,170.0,1
matterport/Mask_RCNN,1,1,0,1,0,0,1,1,0,20993,20993,10314,61,matterport/Mask_RCNN,48.0,1031184.0,3.0,4.0,203.0,1720.0,802.0,2522.0,109.0,148.0,257.0,1.0,24.0,543.0,140.0,128.0,171.0,128.0,116.0,1
beurtschipper/Depix,0,1,0,1,0,0,1,0,0,20851,20851,2470,62,beurtschipper/Depix,10.0,0.0,2.0,0.0,38.0,0.0,0.0,0.0,2.0,22.0,24.0,0.0,19.0,453.0,103.0,127.0,114.0,127.0,85.0,1
eriklindernoren/ML-From-Scratch,1,1,0,1,1,0,1,0,0,20594,20594,4061,63,eriklindernoren/ML-From-Scratch,10.0,0.0,2.0,0.0,374.0,28.0,36.0,64.0,17.0,14.0,31.0,0.0,153.0,474.0,110.0,126.0,133.0,126.0,89.0,1
tornadoweb/tornado,0,1,0,0,0,1,1,0,0,20296,20296,5425,64,tornadoweb/tornado,435.0,0.0,2.0,0.0,4395.0,202.0,1507.0,1709.0,32.0,1360.0,1392.0,0.0,20.0,550.0,142.0,125.0,144.0,125.0,156.0,1
tqdm/tqdm,1,1,0,1,1,1,1,1,0,20215,20215,1050,65,tqdm/tqdm,115.0,1023.0,30.0,60.0,1906.0,274.0,544.0,818.0,69.0,390.0,459.0,18.0,294.0,472.0,109.0,124.0,95.0,124.0,129.0,1
keon/algorithms,0,1,0,1,0,1,1,1,0,20075,20075,4128,66,keon/algorithms,189.0,0.0,2.0,0.0,940.0,60.0,94.0,154.0,140.0,560.0,700.0,6.0,221.0,523.0,125.0,123.0,134.0,123.0,143.0,1
getredash/redash,0,1,0,1,0,1,1,1,0,20049,20049,3516,67,getredash/redash,428.0,8522.0,30.0,4.0,7275.0,472.0,1715.0,2187.0,224.0,3295.0,3519.0,0.0,72.0,542.0,139.0,122.0,127.0,122.0,171.0,1
wangzheng0822/algo,1,0,0,0,1,0,0,0,0,20030,20030,6430,68,wangzheng0822/algo,147.0,0.0,2.0,0.0,1065.0,97.0,21.0,118.0,46.0,354.0,400.0,0.0,36.0,515.0,122.0,121.0,150.0,121.0,123.0,1
bregman-arie/devops-exercises,1,1,0,1,1,1,1,1,1,19648,19648,3962,69,bregman-arie/devops-exercises,84.0,0.0,2.0,0.0,571.0,12.0,36.0,48.0,5.0,152.0,157.0,0.0,472.0,482.0,112.0,120.0,132.0,120.0,110.0,1
nicolargo/glances,1,1,0,1,0,1,1,1,0,19572,19572,1262,70,nicolargo/glances,168.0,182.0,27.0,11.0,4242.0,218.0,1238.0,1456.0,0.0,510.0,510.0,9.0,191.0,468.0,106.0,119.0,96.0,119.0,134.0,1
sebastianruder/NLP-progress,1,1,0,1,0,1,1,1,0,19453,19453,3325,71,sebastianruder/NLP-progress,300.0,0.0,2.0,0.0,776.0,30.0,65.0,95.0,5.0,500.0,505.0,0.0,92.0,494.0,114.0,118.0,125.0,118.0,133.0,1
ultralytics/yolov5,1,1,0,1,1,1,1,1,0,19331,19331,6752,72,ultralytics/yolov5,220.0,68120.0,8.0,101.0,1836.0,219.0,4694.0,4913.0,27.0,1405.0,1432.0,2.0,127.0,545.0,141.0,117.0,154.0,117.0,157.0,1
StevenBlack/hosts,1,1,0,1,0,1,1,1,0,19272,19272,1708,73,StevenBlack/hosts,135.0,0.0,2.0,0.0,2893.0,37.0,1311.0,1348.0,0.0,523.0,523.0,1.0,837.0,476.0,111.0,116.0,108.0,116.0,136.0,1
facebookresearch/detectron2,0,0,0,1,0,1,0,0,0,19090,19090,5110,74,facebookresearch/detectron2,210.0,0.0,2.0,0.0,1339.0,147.0,2721.0,2868.0,22.0,422.0,444.0,1.0,13.0,497.0,115.0,115.0,141.0,115.0,126.0,1
drduh/macOS-Security-and-Privacy-Guide,1,1,0,1,0,0,1,0,0,18611,18611,1338,75,drduh/macOS-Security-and-Privacy-Guide,91.0,0.0,2.0,0.0,571.0,16.0,224.0,240.0,2.0,149.0,151.0,22.0,349.0,434.0,99.0,114.0,97.0,114.0,109.0,0
microsoft/cascadia-code,0,1,0,1,0,1,1,1,0,18548,18548,617,76,microsoft/cascadia-code,18.0,891765.0,17.0,23.0,195.0,69.0,447.0,516.0,2.0,88.0,90.0,4.0,36.0,416.0,94.0,113.0,90.0,113.0,100.0,0
ray-project/ray,0,1,0,1,0,0,1,0,0,18390,18390,3088,77,ray-project/ray,672.0,0.0,2.0,0.0,11586.0,1984.0,7331.0,9315.0,419.0,12971.0,13390.0,0.0,91.0,528.0,134.0,112.0,122.0,112.0,182.0,1
celery/celery,1,1,0,1,1,1,1,1,1,18300,18300,4152,78,celery/celery,1179.0,0.0,2.0,0.0,11844.0,471.0,4162.0,4633.0,57.0,2442.0,2499.0,2.0,414.0,524.0,129.0,111.0,135.0,111.0,167.0,1
deezer/spleeter,0,1,0,1,0,1,1,1,0,18052,18052,1915,79,deezer/spleeter,22.0,9339.0,2.0,7.0,477.0,120.0,525.0,645.0,6.0,77.0,83.0,0.0,51.0,428.0,96.0,110.0,110.0,110.0,98.0,0
PaddlePaddle/PaddleOCR,1,1,0,1,0,1,1,1,0,17764,17764,3594,80,PaddlePaddle/PaddleOCR,109.0,0.0,2.0,0.0,3954.0,928.0,3078.0,4006.0,80.0,1589.0,1669.0,0.0,266.0,506.0,119.0,109.0,128.0,109.0,160.0,1
jumpserver/jumpserver,1,1,0,0,0,1,0,1,0,17488,17488,4431,81,jumpserver/jumpserver,138.0,2348.0,30.0,90.0,6935.0,161.0,3909.0,4070.0,10.0,3635.0,3645.0,0.0,112.0,527.0,132.0,108.0,138.0,108.0,173.0,1
open-mmlab/mmdetection,0,1,0,1,1,1,1,1,0,17455,17455,6235,82,open-mmlab/mmdetection,338.0,0.0,2.0,0.0,1962.0,458.0,4825.0,5283.0,57.0,1968.0,2025.0,0.0,152.0,523.0,125.0,107.0,148.0,107.0,161.0,1
pytorch/examples,0,0,0,1,0,0,0,0,0,17428,17428,8123,83,pytorch/examples,205.0,0.0,2.0,0.0,587.0,134.0,381.0,515.0,33.0,415.0,448.0,0.0,22.0,500.0,118.0,106.0,161.0,106.0,127.0,1
python-poetry/poetry,0,1,0,1,1,0,1,0,0,17367,17367,1439,84,python-poetry/poetry,347.0,243680.0,30.0,258.0,2059.0,1117.0,2452.0,3569.0,167.0,1323.0,1490.0,16.0,84.0,469.0,107.0,105.0,101.0,105.0,158.0,1
PaddlePaddle/Paddle,1,0,0,1,1,1,1,0,0,17126,17126,4160,85,PaddlePaddle/Paddle,734.0,0.0,2.0,0.0,34417.0,2045.0,12235.0,14280.0,807.0,25197.0,26004.0,1.0,95.0,529.0,136.0,104.0,136.0,104.0,185.0,1
luong-komorebi/Awesome-Linux-Software,1,1,0,1,0,1,1,1,0,16856,16856,1719,86,luong-komorebi/Awesome-Linux-Software,255.0,0.0,2.0,0.0,1332.0,13.0,100.0,113.0,13.0,412.0,425.0,4.0,926.0,440.0,100.0,103.0,109.0,103.0,125.0,1
streamlit/streamlit,0,1,0,1,0,1,1,0,0,16753,16753,1499,87,streamlit/streamlit,151.0,0.0,2.0,0.0,4619.0,545.0,1735.0,2280.0,7.0,2123.0,2130.0,3.0,77.0,470.0,108.0,102.0,103.0,102.0,163.0,1
PyTorchLightning/pytorch-lightning,1,1,0,1,1,1,1,0,0,16446,16446,2018,88,PyTorchLightning/pytorch-lightning,665.0,370.0,30.0,60.0,6646.0,404.0,4244.0,4648.0,145.0,5673.0,5818.0,0.0,542.0,492.0,113.0,101.0,112.0,101.0,178.0,1
toml-lang/toml,0,1,0,1,0,0,1,1,0,16261,16261,774,89,toml-lang/toml,192.0,0.0,2.0,0.0,803.0,23.0,422.0,445.0,10.0,409.0,419.0,7.0,482.0,415.0,93.0,100.0,91.0,100.0,124.0,0
chubin/wttr.in,0,0,0,1,0,0,0,0,0,16250,16250,791,90,chubin/wttr.in,160.0,0.0,2.0,0.0,1164.0,177.0,276.0,453.0,4.0,245.0,249.0,18.0,99.0,405.0,91.0,99.0,92.0,99.0,115.0,0
reddit-archive/reddit,0,0,0,1,0,0,1,0,0,15903,15903,2885,91,reddit-archive/reddit,234.0,0.0,2.0,0.0,7956.0,0.0,0.0,0.0,0.0,859.0,859.0,0.0,7.0,459.0,104.0,98.0,118.0,98.0,145.0,1
charlax/professional-programming,1,1,0,1,0,0,1,1,0,15899,15899,1440,92,charlax/professional-programming,25.0,0.0,2.0,0.0,303.0,0.0,9.0,9.0,1.0,31.0,32.0,0.0,238.0,386.0,89.0,97.0,102.0,97.0,90.0,0
bokeh/bokeh,1,1,0,1,0,1,1,0,0,15789,15789,3836,93,bokeh/bokeh,619.0,0.0,2.0,0.0,19507.0,667.0,6174.0,6841.0,22.0,5082.0,5104.0,3.0,145.0,499.0,116.0,96.0,130.0,96.0,177.0,1
cookiecutter/cookiecutter,0,1,0,1,0,1,1,0,0,15775,15775,1554,94,cookiecutter/cookiecutter,272.0,0.0,2.0,0.0,2759.0,188.0,505.0,693.0,64.0,873.0,937.0,1.0,27.0,442.0,102.0,95.0,105.0,95.0,147.0,1
sanic-org/sanic,0,1,0,1,1,1,1,1,0,15621,15621,1395,95,sanic-org/sanic,344.0,0.0,2.0,0.0,2632.0,41.0,1081.0,1122.0,12.0,1271.0,1283.0,2.0,69.0,440.0,100.0,94.0,99.0,94.0,153.0,1
mingrammer/diagrams,0,1,0,1,0,1,1,1,0,15620,15620,884,96,mingrammer/diagrams,106.0,0.0,2.0,0.0,446.0,180.0,144.0,324.0,63.0,273.0,336.0,4.0,66.0,399.0,90.0,93.0,93.0,93.0,120.0,0
plotly/dash,1,1,0,1,0,0,0,0,0,15511,15511,1599,97,plotly/dash,132.0,0.0,2.0,0.0,5721.0,557.0,634.0,1191.0,37.0,648.0,685.0,0.0,29.0,431.0,98.0,92.0,106.0,92.0,141.0,0
nginx-proxy/nginx-proxy,0,0,0,1,1,0,1,0,0,15492,15492,2694,98,nginx-proxy/nginx-proxy,135.0,0.0,2.0,0.0,852.0,495.0,746.0,1241.0,60.0,434.0,494.0,3.0,219.0,429.0,97.0,91.0,115.0,91.0,132.0,0
google/jax,0,1,0,1,0,0,1,0,0,15229,15229,1412,99,google/jax,416.0,0.0,2.0,0.0,10741.0,820.0,2127.0,2947.0,179.0,5743.0,5922.0,2.0,218.0,459.0,104.0,90.0,100.0,90.0,179.0,1
unifi-hackers/unifi-lab,1,1,0,1,0,0,1,0,0,99,99,35,198,unifi-hackers/unifi-lab,6.0,0.0,2.0,0.0,60.0,8.0,4.0,12.0,0.0,8.0,8.0,0.0,6.0,331.0,88.0,89.0,78.0,89.0,75.0,0
chaordic/tiopatinhas,1,1,0,1,0,1,0,0,0,98,98,24,197,chaordic/tiopatinhas,10.0,0.0,2.0,0.0,103.0,0.0,2.0,2.0,1.0,11.0,12.0,0.0,24.0,316.0,87.0,88.0,62.0,88.0,78.0,0
riptano/cassandra-dtest-deprecated,0,0,0,1,0,0,1,0,0,96,96,87,195,riptano/cassandra-dtest-deprecated,93.0,0.0,2.0,0.0,5004.0,28.0,85.0,113.0,8.0,1375.0,1383.0,0.0,10.0,417.0,95.0,87.0,88.0,87.0,155.0,0
nicolehe/grow_slow,0,1,0,1,0,0,1,0,0,95,95,9,194,nicolehe/grow_slow,2.0,0.0,2.0,0.0,27.0,2.0,0.0,2.0,0.0,1.0,1.0,0.0,22.0,251.0,70.0,86.0,36.0,86.0,43.0,0
ZFTurbo/KAGGLE_DISTRACTED_DRIVER,0,0,0,0,1,0,0,0,0,94,94,54,193,ZFTurbo/KAGGLE_DISTRACTED_DRIVER,2.0,0.0,2.0,0.0,19.0,5.0,0.0,5.0,0.0,1.0,1.0,0.0,8.0,298.0,85.0,85.0,85.0,85.0,43.0,0
jinhang/12306_captcha,1,0,0,0,1,0,0,0,0,93,93,48,192,jinhang/12306_captcha,1.0,0.0,2.0,0.0,2.0,1.0,2.0,3.0,0.0,0.0,0.0,0.0,2.0,251.0,70.0,84.0,82.0,84.0,1.0,0
erik/alexandra,0,0,0,1,0,0,0,0,0,92,92,11,191,erik/alexandra,5.0,0.0,2.0,0.0,123.0,0.0,3.0,3.0,2.0,14.0,16.0,0.0,5.0,287.0,81.0,83.0,39.0,83.0,82.0,0
mitsuse/autocomplete-swift,1,1,0,1,1,1,1,0,0,91,91,5,190,mitsuse/autocomplete-swift,2.0,0.0,2.0,0.0,190.0,0.0,9.0,9.0,0.0,4.0,4.0,0.0,60.0,246.0,69.0,82.0,16.0,82.0,66.0,0
Sentimentron/Dracula,0,1,0,1,1,1,1,0,0,90,90,19,189,Sentimentron/Dracula,1.0,0.0,2.0,0.0,129.0,1.0,0.0,1.0,0.0,0.0,0.0,0.0,7.0,216.0,64.0,81.0,53.0,81.0,1.0,0
uber/charlatan,0,1,0,1,0,1,1,0,0,89,89,13,188,uber/charlatan,27.0,0.0,2.0,0.0,261.0,8.0,3.0,11.0,0.0,52.0,52.0,0.0,16.0,296.0,84.0,80.0,44.0,80.0,92.0,0
jeroennijhof/LoRaWAN,0,0,0,1,1,0,0,0,0,88,88,73,187,jeroennijhof/LoRaWAN,1.0,0.0,2.0,0.0,16.0,4.0,4.0,8.0,1.0,0.0,1.0,0.0,10.0,288.0,82.0,79.0,87.0,79.0,43.0,0
charleshberlin/O-RLY-Book-Generator,0,1,0,0,0,0,1,0,0,86,86,16,185,charleshberlin/O-RLY-Book-Generator,2.0,0.0,2.0,0.0,2.0,3.0,1.0,4.0,0.0,0.0,0.0,0.0,1.0,204.0,62.0,78.0,47.0,78.0,1.0,0
dashayushman/TAC-GAN,0,1,0,1,0,0,0,0,0,85,85,31,184,dashayushman/TAC-GAN,2.0,0.0,2.0,0.0,69.0,11.0,3.0,14.0,0.0,2.0,2.0,0.0,11.0,282.0,79.0,77.0,73.0,77.0,55.0,0
mattdreimer/AutonomousGrainCart,0,0,0,1,0,0,0,0,0,84,84,27,183,mattdreimer/AutonomousGrainCart,3.0,0.0,2.0,0.0,42.0,0.0,4.0,4.0,0.0,6.0,6.0,0.0,8.0,292.0,83.0,76.0,67.0,76.0,73.0,0
smxlabs/gibbersense,0,1,0,1,0,0,0,0,0,83,83,17,172,smxlabs/gibbersense,1.0,0.0,2.0,0.0,4.0,0.0,0.0,0.0,0.0,0.0,0.0,0.0,3.0,200.0,56.0,75.0,49.0,75.0,1.0,0
timsutton/aamporter,1,1,0,1,0,1,1,0,0,82,82,13,171,timsutton/aamporter,7.0,0.0,2.0,0.0,88.0,5.0,15.0,20.0,0.0,10.0,10.0,0.0,22.0,268.0,76.0,74.0,44.0,74.0,76.0,0
ryanmcdermott/birdseed,0,1,0,1,0,1,0,1,0,81,81,4,170,ryanmcdermott/birdseed,4.0,0.0,2.0,0.0,22.0,0.0,0.0,0.0,0.0,5.0,5.0,0.0,4.0,229.0,67.0,73.0,11.0,73.0,72.0,0
yhlleo/cifar10Dataset,0,0,0,1,0,0,0,0,0,80,80,41,169,yhlleo/cifar10Dataset,2.0,0.0,2.0,0.0,13.0,2.0,4.0,6.0,0.0,0.0,0.0,0.0,3.0,225.0,66.0,72.0,80.0,72.0,1.0,0
pathak22/seg-by-interaction,0,1,0,1,0,0,0,0,0,79,79,4,168,pathak22/seg-by-interaction,1.0,0.0,2.0,0.0,2.0,1.0,0.0,1.0,0.0,0.0,0.0,0.0,2.0,154.0,36.0,71.0,11.0,71.0,1.0,0
Tachone/zhihu_spider,1,0,0,0,0,0,0,0,0,78,78,49,167,Tachone/zhihu_spider,1.0,0.0,2.0,0.0,14.0,0.0,2.0,2.0,0.0,1.0,1.0,0.0,6.0,266.0,75.0,70.0,83.0,70.0,43.0,0
zxsecurity/gpsnitch,0,1,0,1,0,0,0,0,0,77,77,18,166,zxsecurity/gpsnitch,2.0,0.0,2.0,0.0,5.0,0.0,0.0,0.0,0.0,0.0,0.0,0.0,4.0,191.0,49.0,69.0,52.0,69.0,1.0,0
sklam/py2nb,0,1,0,1,0,0,1,0,0,76,76,32,165,sklam/py2nb,2.0,0.0,2.0,0.0,12.0,5.0,1.0,6.0,1.0,2.0,3.0,0.0,4.0,275.0,78.0,68.0,75.0,68.0,64.0,0
mattermost/mattermost-integration-gitlab,0,1,0,1,0,0,1,0,0,75,75,92,164,mattermost/mattermost-integration-gitlab,8.0,0.0,2.0,0.0,65.0,3.0,3.0,6.0,0.0,12.0,12.0,0.0,42.0,301.0,86.0,67.0,89.0,67.0,78.0,0
peterpakos/checkipaconsistency,0,0,0,1,0,0,1,0,1,74,74,27,163,peterpakos/checkipaconsistency,5.0,0.0,2.0,0.0,39.0,7.0,46.0,53.0,3.0,21.0,24.0,10.0,19.0,284.0,80.0,66.0,67.0,66.0,85.0,0
jpush/jbox,1,1,0,1,0,1,1,0,0,73,73,25,182,jpush/jbox,10.0,0.0,2.0,0.0,435.0,0.0,2.0,2.0,0.0,1.0,1.0,0.0,20.0,236.0,68.0,65.0,63.0,65.0,43.0,0
galal-hussein/Rancher-Ansible,0,0,0,1,0,0,0,0,0,72,72,30,181,galal-hussein/Rancher-Ansible,2.0,0.0,2.0,0.0,13.0,4.0,3.0,7.0,0.0,0.0,0.0,0.0,5.0,200.0,56.0,64.0,71.0,64.0,1.0,0
robbwagoner/aws-lambda-sns-to-slack,1,1,0,1,0,0,0,0,0,71,71,31,180,robbwagoner/aws-lambda-sns-to-slack,5.0,0.0,2.0,0.0,14.0,1.0,1.0,2.0,1.0,6.0,7.0,0.0,4.0,273.0,77.0,63.0,73.0,63.0,74.0,0
ksoona/attackvector,1,1,0,1,0,1,1,0,0,70,70,33,179,ksoona/attackvector,0.0,0.0,2.0,0.0,0.0,0.0,0.0,0.0,0.0,0.0,0.0,0.0,0.0,201.0,58.0,62.0,76.0,62.0,1.0,0
summarization/semantic_summ,0,0,1,0,0,0,0,0,0,69,69,28,178,summarization/semantic_summ,2.0,0.0,2.0,0.0,6.0,2.0,1.0,3.0,0.0,0.0,0.0,0.0,5.0,193.0,51.0,61.0,70.0,61.0,1.0,0
az0ne/python_backdoor,1,1,0,0,0,0,0,0,0,68,68,41,177,az0ne/python_backdoor,1.0,0.0,2.0,0.0,8.0,1.0,0.0,1.0,0.0,0.0,0.0,0.0,5.0,201.0,58.0,60.0,80.0,60.0,1.0,0
codeinn/vcs,0,1,0,0,0,0,1,0,0,67,67,19,176,codeinn/vcs,12.0,0.0,2.0,0.0,694.0,21.0,90.0,111.0,2.0,18.0,20.0,1.0,9.0,255.0,73.0,59.0,53.0,59.0,84.0,0
jamespacileo/django-smartagent,1,1,0,1,0,0,1,0,0,66,66,5,175,jamespacileo/django-smartagent,2.0,0.0,2.0,0.0,69.0,5.0,2.0,7.0,2.0,2.0,4.0,0.0,1.0,198.0,53.0,58.0,16.0,58.0,66.0,0
c01db33f/concolica,0,1,0,1,0,0,0,0,0,65,65,17,174,c01db33f/concolica,2.0,0.0,2.0,0.0,22.0,0.0,0.0,0.0,0.0,0.0,0.0,0.0,4.0,164.0,40.0,57.0,49.0,57.0,1.0,0
peeringdb/peeringdb-py,1,0,0,1,0,0,1,0,0,64,64,21,173,peeringdb/peeringdb-py,10.0,0.0,2.0,0.0,148.0,0.0,0.0,0.0,0.0,0.0,0.0,0.0,8.0,172.0,44.0,56.0,59.0,56.0,1.0,0
szad670401/OCR_CharGen,1,0,0,0,1,0,0,0,0,63,63,50,162,szad670401/OCR_CharGen,1.0,0.0,2.0,0.0,7.0,0.0,0.0,0.0,0.0,0.0,0.0,0.0,6.0,195.0,52.0,55.0,84.0,55.0,1.0,0
dabeaz/me-al,1,0,0,1,0,1,0,0,0,62,62,6,161,dabeaz/me-al,1.0,0.0,2.0,0.0,10.0,0.0,0.0,0.0,2.0,0.0,2.0,0.0,7.0,186.0,47.0,54.0,23.0,54.0,55.0,0
vektorlab/slacksocket,0,1,0,1,0,0,1,0,0,61,61,11,160,vektorlab/slacksocket,10.0,0.0,2.0,0.0,177.0,0.0,0.0,0.0,0.0,0.0,0.0,0.0,19.0,146.0,33.0,53.0,39.0,53.0,1.0,0
iandees/speedtrack,0,1,0,1,0,0,0,0,0,60,60,19,159,iandees/speedtrack,1.0,0.0,2.0,0.0,5.0,0.0,0.0,0.0,0.0,0.0,0.0,0.0,3.0,158.0,37.0,52.0,53.0,52.0,1.0,0
mattmakai/callbot,0,1,0,0,0,0,1,0,0,59,59,3,158,mattmakai/callbot,2.0,0.0,2.0,0.0,10.0,0.0,0.0,0.0,0.0,0.0,0.0,0.0,6.0,110.0,23.0,51.0,7.0,51.0,1.0,0
0xadada/dockdj,0,1,0,1,0,1,0,0,0,58,58,9,157,0xadada/dockdj,4.0,0.0,2.0,0.0,39.0,0.0,0.0,0.0,0.0,1.0,1.0,0.0,13.0,179.0,45.0,50.0,36.0,50.0,43.0,0
ryhanson/keyslack,0,1,0,1,0,0,0,0,0,57,57,11,156,ryhanson/keyslack,3.0,0.0,2.0,0.0,10.0,0.0,0.0,0.0,0.0,1.0,1.0,0.0,4.0,180.0,46.0,49.0,39.0,49.0,43.0,0
char0n/django-profiler,0,1,0,1,0,1,1,0,0,56,56,11,155,char0n/django-profiler,4.0,0.0,2.0,0.0,53.0,5.0,4.0,9.0,1.0,3.0,4.0,0.0,12.0,201.0,58.0,48.0,39.0,48.0,66.0,0
pevma/rule2alert,0,0,0,1,1,0,0,0,0,55,55,17,154,pevma/rule2alert,1.0,0.0,2.0,0.0,18.0,3.0,1.0,4.0,0.0,0.0,0.0,0.0,5.0,144.0,32.0,47.0,49.0,47.0,1.0,0
AmirAzodi/cloudflare_ddns,0,1,0,1,0,0,1,0,0,54,54,26,153,AmirAzodi/cloudflare_ddns,2.0,0.0,2.0,0.0,13.0,5.0,3.0,8.0,1.0,0.0,1.0,0.0,5.0,201.0,58.0,46.0,66.0,46.0,43.0,0
lonetwin/expyre,0,1,0,1,1,0,0,0,0,53,53,2,152,lonetwin/expyre,2.0,0.0,2.0,0.0,20.0,0.0,0.0,0.0,0.0,2.0,2.0,0.0,5.0,149.0,34.0,45.0,4.0,45.0,55.0,0
mbeissinger/intro_deep,0,1,0,1,0,0,0,0,0,52,52,27,151,mbeissinger/intro_deep,4.0,0.0,2.0,0.0,11.0,1.0,0.0,1.0,1.0,0.0,1.0,0.0,4.0,198.0,53.0,44.0,67.0,44.0,43.0,0
ssaamm/sign-language-tutor,0,1,0,1,0,0,0,0,0,51,51,20,150,ssaamm/sign-language-tutor,2.0,0.0,2.0,0.0,59.0,1.0,4.0,5.0,1.0,1.0,2.0,0.0,6.0,198.0,53.0,43.0,57.0,43.0,55.0,0
metaflow-ai/neural_style,0,0,0,1,0,1,0,0,0,50,50,8,149,metaflow-ai/neural_style,3.0,0.0,2.0,0.0,150.0,2.0,0.0,2.0,0.0,0.0,0.0,0.0,10.0,117.0,25.0,42.0,32.0,42.0,1.0,0
KeizerDev/steeb,0,1,0,1,0,0,0,0,0,49,49,6,148,KeizerDev/steeb,3.0,0.0,2.0,0.0,41.0,9.0,0.0,9.0,0.0,3.0,3.0,0.0,19.0,169.0,42.0,41.0,23.0,41.0,64.0,0
typesupply/feaPyFoFum,1,1,0,1,0,0,1,0,1,48,48,6,147,typesupply/feaPyFoFum,6.0,0.0,2.0,0.0,30.0,4.0,4.0,8.0,0.0,4.0,4.0,2.0,8.0,169.0,42.0,40.0,23.0,40.0,66.0,0
inveniosoftware/flask-celeryext,1,1,0,1,0,0,1,0,0,47,47,20,146,inveniosoftware/flask-celeryext,13.0,0.0,2.0,0.0,40.0,4.0,17.0,21.0,0.0,27.0,27.0,1.0,6.0,222.0,65.0,39.0,57.0,39.0,87.0,0
divio/aldryn-search,0,1,0,1,0,1,0,1,0,46,46,65,145,divio/aldryn-search,33.0,0.0,2.0,0.0,255.0,22.0,33.0,55.0,2.0,55.0,57.0,0.0,15.0,256.0,74.0,38.0,86.0,38.0,94.0,0
dufferzafar/pocketmon,0,0,0,1,0,0,0,0,1,44,44,6,143,dufferzafar/pocketmon,2.0,0.0,2.0,0.0,11.0,1.0,1.0,2.0,0.0,2.0,2.0,1.0,4.0,152.0,35.0,37.0,23.0,37.0,55.0,0
xinqiu/kechenggezi-Spider,1,0,0,0,0,0,0,0,0,43,43,30,142,xinqiu/kechenggezi-Spider,2.0,0.0,2.0,0.0,11.0,0.0,2.0,2.0,0.0,1.0,1.0,0.0,5.0,186.0,47.0,36.0,71.0,36.0,43.0,0
apple2373/chainer-simple-fast-rnn,0,1,0,1,0,0,1,0,0,42,42,23,141,apple2373/chainer-simple-fast-rnn,2.0,0.0,2.0,0.0,8.0,2.0,4.0,6.0,0.0,0.0,0.0,0.0,8.0,131.0,29.0,35.0,60.0,35.0,1.0,0
zbears/pyvona,0,1,0,0,0,0,0,0,0,41,41,23,140,zbears/pyvona,13.0,0.0,2.0,0.0,54.0,0.0,26.0,26.0,2.0,11.0,13.0,0.0,3.0,208.0,63.0,34.0,60.0,34.0,80.0,0
TakahiroHaruyama/openioc_scan,0,1,0,1,0,1,1,0,0,40,40,5,139,TakahiroHaruyama/openioc_scan,2.0,0.0,2.0,0.0,31.0,3.0,0.0,3.0,0.0,2.0,2.0,0.0,5.0,137.0,30.0,33.0,16.0,33.0,55.0,0
youthpasses/apriori,0,0,1,0,0,0,0,0,0,39,39,33,138,youthpasses/apriori,3.0,0.0,2.0,0.0,5.0,1.0,0.0,1.0,0.0,0.0,0.0,0.0,1.0,141.0,31.0,32.0,76.0,32.0,1.0,0
owocki/emojibot,0,1,0,1,0,1,1,0,0,37,37,4,136,owocki/emojibot,2.0,0.0,2.0,0.0,30.0,10.0,4.0,14.0,0.0,0.0,0.0,0.0,9.0,74.0,18.0,31.0,11.0,31.0,1.0,0
uArm-Developer/pyuarm,0,1,0,1,0,0,1,0,0,36,36,25,135,uArm-Developer/pyuarm,6.0,0.0,2.0,0.0,165.0,5.0,8.0,13.0,0.0,1.0,1.0,0.0,13.0,166.0,41.0,30.0,63.0,30.0,43.0,0
phate89/Mediaset-Play-plugin.video.videomediaset,1,1,0,1,0,1,1,1,0,35,35,19,134,phate89/Mediaset-Play-plugin.video.videomediaset,9.0,102923.0,16.0,24.0,71.0,6.0,40.0,46.0,1.0,14.0,15.0,0.0,6.0,192.0,50.0,29.0,53.0,29.0,81.0,0
eregs/regulations-parser,0,1,0,0,1,0,1,0,0,33,33,38,132,eregs/regulations-parser,30.0,0.0,2.0,0.0,2439.0,53.0,50.0,103.0,18.0,289.0,307.0,1.0,55.0,254.0,72.0,28.0,79.0,28.0,119.0,0
HackBulgaria/Programming101-Python,1,1,0,1,0,1,1,0,0,32,32,25,131,HackBulgaria/Programming101-Python,5.0,0.0,2.0,0.0,175.0,0.0,0.0,0.0,0.0,0.0,0.0,0.0,11.0,118.0,26.0,27.0,63.0,27.0,1.0,0
arahuja/generative-tf,1,0,0,1,0,0,0,0,0,31,31,2,130,arahuja/generative-tf,1.0,0.0,2.0,0.0,13.0,1.0,0.0,1.0,0.0,0.0,0.0,0.0,3.0,57.0,13.0,26.0,4.0,26.0,1.0,0
kattrali/weemoji,0,0,0,1,0,0,0,0,0,30,30,2,129,kattrali/weemoji,4.0,0.0,2.0,0.0,6.0,4.0,1.0,5.0,1.0,3.0,4.0,0.0,2.0,120.0,27.0,25.0,4.0,25.0,66.0,0
mhagiwara/zmifanva,1,0,0,0,0,0,1,0,0,29,29,5,128,mhagiwara/zmifanva,1.0,0.0,2.0,0.0,24.0,2.0,4.0,6.0,0.0,0.0,0.0,0.0,3.0,65.0,15.0,24.0,16.0,24.0,1.0,0
ha2emnomer/Deep-Trading,0,1,0,0,0,0,0,0,0,28,28,16,127,ha2emnomer/Deep-Trading,1.0,0.0,2.0,0.0,5.0,1.0,0.0,1.0,0.0,0.0,0.0,0.0,3.0,94.0,20.0,23.0,47.0,23.0,1.0,0
damsonn/django-docker-compose,0,1,0,1,0,0,1,0,0,26,26,8,125,damsonn/django-docker-compose,2.0,0.0,2.0,0.0,6.0,0.0,0.0,0.0,0.0,0.0,0.0,0.0,4.0,77.0,19.0,22.0,32.0,22.0,1.0,0
joycex99/hp-word-model,0,0,0,1,0,0,0,0,0,25,25,5,124,joycex99/hp-word-model,1.0,0.0,2.0,0.0,4.0,0.0,0.0,0.0,0.0,0.0,0.0,0.0,1.0,59.0,14.0,21.0,16.0,21.0,1.0,0
mjg59/python-tikteck,0,1,0,1,0,0,0,0,0,24,24,8,123,mjg59/python-tikteck,3.0,0.0,2.0,0.0,10.0,2.0,4.0,6.0,1.0,1.0,2.0,0.0,2.0,127.0,28.0,20.0,32.0,20.0,55.0,0
shancang/spider,1,0,0,0,0,0,0,0,0,23,23,7,122,shancang/spider,1.0,0.0,2.0,0.0,21.0,0.0,4.0,4.0,0.0,0.0,0.0,0.0,4.0,70.0,16.0,19.0,31.0,19.0,1.0,0
matloff/omsi,0,0,0,1,0,1,1,0,0,22,22,15,121,matloff/omsi,15.0,0.0,2.0,0.0,382.0,4.0,2.0,6.0,6.0,4.0,10.0,0.0,99.0,158.0,37.0,18.0,46.0,18.0,76.0,0
saltstack/pytest-logging,0,1,0,1,0,1,1,1,0,21,21,6,120,saltstack/pytest-logging,1.0,0.0,2.0,0.0,13.0,0.0,6.0,6.0,0.0,2.0,2.0,0.0,3.0,112.0,24.0,17.0,23.0,17.0,55.0,0
King-Kuhn/docker_registry_clean,1,0,0,0,0,0,0,0,0,19,19,6,118,King-Kuhn/docker_registry_clean,1.0,0.0,2.0,0.0,11.0,0.0,0.0,0.0,0.0,0.0,0.0,0.0,6.0,56.0,12.0,16.0,23.0,16.0,1.0,0
Hugoch/flights-analysis,0,0,1,0,0,0,0,0,0,18,18,5,117,Hugoch/flights-analysis,1.0,0.0,2.0,0.0,5.0,0.0,1.0,1.0,0.0,0.0,0.0,0.0,3.0,47.0,11.0,15.0,16.0,15.0,1.0,0
ratazzi/tesseract-ocr,0,0,0,1,0,0,0,0,0,17,17,5,116,ratazzi/tesseract-ocr,2.0,0.0,2.0,0.0,5.0,1.0,0.0,1.0,0.0,0.0,0.0,0.0,3.0,45.0,9.0,14.0,16.0,14.0,1.0,0
ajschumacher/mergic,1,1,0,1,0,0,1,0,1,16,16,4,115,ajschumacher/mergic,1.0,0.0,2.0,0.0,161.0,15.0,32.0,47.0,0.0,0.0,0.0,7.0,28.0,38.0,6.0,13.0,11.0,13.0,1.0,0
rackerlabs/kthresher,0,0,0,1,0,0,1,1,0,15,15,11,114,rackerlabs/kthresher,8.0,0.0,2.0,0.0,148.0,2.0,17.0,19.0,0.0,67.0,67.0,1.0,25.0,159.0,39.0,12.0,39.0,12.0,96.0,0
shantnu/PandasLargeFiles,1,0,0,0,0,0,0,0,0,14,14,8,113,shantnu/PandasLargeFiles,3.0,0.0,2.0,0.0,9.0,0.0,0.0,0.0,0.0,1.0,1.0,0.0,1.0,97.0,21.0,11.0,32.0,11.0,43.0,0
NemProject/nem-slack-telegram,0,1,0,0,0,0,0,0,0,13,13,4,112,NemProject/nem-slack-telegram,6.0,0.0,2.0,0.0,42.0,3.0,3.0,6.0,0.0,4.0,4.0,0.0,2.0,97.0,21.0,10.0,11.0,10.0,66.0,0
badlogicmanpreet/htm-drivefailures,1,1,0,1,0,0,1,0,0,12,12,6,111,badlogicmanpreet/htm-drivefailures,2.0,0.0,2.0,0.0,22.0,0.0,0.0,0.0,0.0,0.0,0.0,0.0,7.0,42.0,8.0,9.0,23.0,9.0,1.0,0
schollz/string_matching,0,0,0,1,0,0,1,0,0,11,11,6,110,schollz/string_matching,2.0,0.0,2.0,0.0,14.0,0.0,0.0,0.0,0.0,0.0,0.0,0.0,7.0,40.0,7.0,8.0,23.0,8.0,1.0,0
mgaggero/Adafruit_Python_HTU21D,0,1,0,1,1,1,1,0,0,10,10,1,109,mgaggero/Adafruit_Python_HTU21D,1.0,0.0,2.0,0.0,12.0,0.0,2.0,2.0,0.0,0.0,0.0,0.0,7.0,17.0,4.0,7.0,2.0,7.0,1.0,0
stephane-caron/analytical-wrench-cone,0,0,0,1,0,1,1,0,0,9,9,3,108,stephane-caron/analytical-wrench-cone,2.0,0.0,2.0,0.0,31.0,0.0,2.0,2.0,0.0,0.0,0.0,0.0,25.0,20.0,5.0,6.0,7.0,6.0,1.0,0
lazarogamio/datadoc,0,1,0,1,0,0,1,0,0,8,8,3,107,lazarogamio/datadoc,3.0,0.0,2.0,0.0,8.0,0.0,0.0,0.0,0.0,2.0,2.0,0.0,4.0,72.0,17.0,5.0,7.0,5.0,55.0,0
deepc94/facerec-lock,0,1,0,1,0,0,1,0,0,7,7,9,106,deepc94/facerec-lock,1.0,0.0,2.0,0.0,4.0,0.0,0.0,0.0,0.0,0.0,0.0,0.0,2.0,45.0,9.0,4.0,36.0,4.0,1.0,0
eerimoq/expect,0,0,0,1,0,0,0,0,0,5,5,1,104,eerimoq/expect,3.0,0.0,2.0,0.0,23.0,0.0,0.0,0.0,0.0,0.0,0.0,0.0,5.0,9.0,2.0,3.0,2.0,3.0,1.0,0
tyiannak/pySLRF,1,1,0,1,0,0,0,0,0,4,4,0,103,tyiannak/pySLRF,1.0,0.0,2.0,0.0,5.0,0.0,0.0,0.0,0.0,0.0,0.0,0.0,2.0,6.0,1.0,2.0,1.0,2.0,1.0,0
Saviio/Clawer,0,0,0,1,0,0,0,0,0,3,3,3,102,Saviio/Clawer,2.0,0.0,2.0,0.0,3.0,0.0,0.0,0.0,0.0,0.0,0.0,0.0,3.0,10.0,3.0,1.0,7.0,1.0,1.0,0
